config,epoch,train_loss,train_acc,train_f1,val_loss,val_acc,val_f1
1,1,0.021810756543477375,15.000106666666667,0.6327813100694958,0.02172487009048462,19.1648,0.7499999999999999
1,1,0.02210676101366679,14.931946666666667,0.6363636363636364,0.021258861408233642,19.1648,0.7499999999999999
1,1,0.02163318444887797,17.065066666666667,0.0,0.02266694983482361,12.8,0.0
1,2,0.021623970629374187,17.064853333333332,0.0,0.022602170219421385,12.8,0.0
1,3,0.0216162504641215,17.06464,0.0,0.022547914838790893,12.8,0.0
